{"cameraMode":{"drawMode":0,"name":"Shaded","section":"Shading Mode"},"sceneLighting":false,"audioPlay":false,"sceneViewState":{"showFog":true,"showMaterialUpdate":false,"showSkybox":false,"showFlares":true,"showImageEffects":true,"showParticleSystems":true},"in2DMode":false,"pivot":{"x":11.619999885559082,"y":1.6299999952316285,"z":4.909999847412109},"rotation":{"x":0.1855103075504303,"y":0.7807095646858215,"z":-0.272931843996048,"w":0.5306693315505981},"size":0.000017073167327907868,"orthographic":false}