{"cameraMode":{"drawMode":0,"name":"Shaded","section":"Shading Mode"},"sceneLighting":true,"audioPlay":false,"sceneViewState":{"showFog":true,"showMaterialUpdate":false,"showSkybox":true,"showFlares":true,"showImageEffects":true,"showParticleSystems":true},"in2DMode":false,"pivot":{"x":41.5087890625,"y":11.4736328125,"z":23.642578125},"rotation":{"x":-0.1808222383260727,"y":0.30501171946525576,"z":-0.05909736454486847,"w":-0.9331721663475037},"size":8.994566917419434,"orthographic":true}