{"cameraMode":{"drawMode":0,"name":"Shaded","section":"Shading Mode"},"sceneLighting":false,"audioPlay":false,"sceneViewState":{"showFog":true,"showMaterialUpdate":false,"showSkybox":false,"showFlares":true,"showImageEffects":true,"showParticleSystems":true},"in2DMode":false,"pivot":{"x":0.851806640625,"y":0.008056640625,"z":0.060302734375},"rotation":{"x":0.2840227484703064,"y":0.2576274871826172,"z":-0.07952342182397843,"w":0.9201290607452393},"size":2.451303482055664,"orthographic":true}