{"cameraMode":{"drawMode":0,"name":"Shaded","section":"Shading Mode"},"sceneLighting":true,"audioPlay":false,"sceneViewState":{"showFog":true,"showMaterialUpdate":false,"showSkybox":true,"showFlares":true,"showImageEffects":true,"showParticleSystems":true},"in2DMode":false,"pivot":{"x":-12.779999732971192,"y":44.099998474121097,"z":-14.300000190734864},"rotation":{"x":0.2404966503381729,"y":-0.547779381275177,"z":0.16828086972236634,"w":0.7834988832473755},"size":14.860950469970704,"orthographic":true}