{"cameraMode":{"drawMode":0,"name":"Shaded","section":"Shading Mode"},"sceneLighting":true,"audioPlay":false,"sceneViewState":{"showFog":true,"showMaterialUpdate":false,"showSkybox":true,"showFlares":true,"showImageEffects":true,"showParticleSystems":true},"in2DMode":false,"pivot":{"x":30.033447265625,"y":10.01507568359375,"z":14.337890625},"rotation":{"x":-0.1808222383260727,"y":0.30501171946525576,"z":-0.05909736454486847,"w":-0.9331721663475037},"size":14.995291709899903,"orthographic":true}