{"cameraMode":{"drawMode":0,"name":"Shaded","section":"Shading Mode"},"sceneLighting":false,"audioPlay":false,"sceneViewState":{"showFog":true,"showMaterialUpdate":false,"showSkybox":false,"showFlares":true,"showImageEffects":true,"showParticleSystems":true},"in2DMode":false,"pivot":{"x":10.79713249206543,"y":0.7763497829437256,"z":3.488487720489502},"rotation":{"x":0.1855103075504303,"y":0.7807095646858215,"z":-0.272931843996048,"w":0.5306693315505981},"size":3.000016927719116,"orthographic":false}