{"cameraMode":{"drawMode":0,"name":"Shaded","section":"Shading Mode"},"sceneLighting":false,"audioPlay":false,"sceneViewState":{"showFog":true,"showMaterialUpdate":false,"showSkybox":false,"showFlares":true,"showImageEffects":true,"showParticleSystems":true},"in2DMode":false,"pivot":{"x":-0.49481201171875,"y":1.3197021484375,"z":-0.236083984375},"rotation":{"x":0.13920074701309205,"y":0.19616952538490296,"z":-0.02814575470983982,"w":0.9702287912368774},"size":1.5056631565093995,"orthographic":true}