{"cameraMode":{"drawMode":0,"name":"Shaded","section":"Shading Mode"},"sceneLighting":false,"audioPlay":false,"sceneViewState":{"showFog":true,"showMaterialUpdate":false,"showSkybox":false,"showFlares":true,"showImageEffects":true,"showParticleSystems":true},"in2DMode":false,"pivot":{"x":0.15185546875,"y":0.720947265625,"z":-0.5361328125},"rotation":{"x":0.08913147449493408,"y":0.5986308455467224,"z":-0.06726615130901337,"w":0.7932067513465881},"size":2.451303482055664,"orthographic":true}