{"cameraMode":{"drawMode":0,"name":"Shaded","section":"Shading Mode"},"sceneLighting":false,"audioPlay":false,"sceneViewState":{"showFog":true,"showMaterialUpdate":false,"showSkybox":false,"showFlares":true,"showImageEffects":true,"showParticleSystems":true},"in2DMode":false,"pivot":{"x":14.103939056396485,"y":1.7856502532958985,"z":-1.4736361503601075},"rotation":{"x":0.30530819296836855,"y":0.5064306855201721,"z":-0.19777926802635194,"w":0.7818069458007813},"size":22.764108657836915,"orthographic":false}