{"cameraMode":{"drawMode":0,"name":"Shaded","section":"Shading Mode"},"sceneLighting":false,"audioPlay":false,"sceneViewState":{"showFog":true,"showMaterialUpdate":false,"showSkybox":false,"showFlares":true,"showImageEffects":true,"showParticleSystems":true},"in2DMode":false,"pivot":{"x":11.619998931884766,"y":1.6299996376037598,"z":3.7199997901916506},"rotation":{"x":0.30530819296836855,"y":0.5064306855201721,"z":-0.19777926802635194,"w":0.7818069458007813},"size":14.509506225585938,"orthographic":false}