{"cameraMode":{"drawMode":0,"name":"Shaded","section":"Shading Mode"},"sceneLighting":false,"audioPlay":false,"sceneViewState":{"showFog":true,"showMaterialUpdate":false,"showSkybox":false,"showFlares":true,"showImageEffects":true,"showParticleSystems":true},"in2DMode":false,"pivot":{"x":0.0225830078125,"y":1.02294921875,"z":-0.07080078125},"rotation":{"x":0.22128689289093018,"y":0.24978388845920564,"z":-0.05875132232904434,"w":0.9408541321754456},"size":1.5056631565093995,"orthographic":true}